{
  "1": {
    "side": 0.8131727983645296,
    "trees": [
      [
        -0.03826977731226075,
        0.018956775450204633,
        