{
  "2": {
    "side": 0.9510285273257304,
    "trees": [
      [
        4.767026701741733e-05,
        0.000639626043011356,
        66.43967870495179
      ],
      [
        -0.524360861403155,
        -0.3085672950668909,
        246.4754163332406
      ]
    ]
  }
}