{
  "3": {
    "side": 1.142326013966877,
    "trees": [
      [
        2.108531041851454,
        -1.6017089733619805,
        246.353997648599
      ],
      [
        2.6872928288592353,
        -1.4996498297146703,
        334.0595191812101
      ],
      [
        2.191847514380192,
        -1.1170693375824807,
        292.6965434088427
      ]
    ]
  },
  "4": {
    "side": 1.2946186763555085,
    "trees": [
      [
        0.6649112920262348,
        -0.3076599011926548,
        156.36179518170874
      ],
      [
        1.3175259993658233,
        -0.3077727982413302,
        203.67416165403282
      ],
      [
        0.6705995988359635,
        -1.1756837660153188,
        336.3654533679092
      ],
      [
        1.3125462549596585,
        -1.1757029154166507,
        23.67077578662039
      ]
    ]
  },
  "5": {
    "side": 1.501421399561296,
    "trees": [
      [
        0.8439690259891762,
        0.7514134617160351,
        293.6039760127118
      ],
      [
        1.677562362511064,
        0.7093808810058801,
        113.62569800533214
      ],
      [
        0.8464283145987087,
        1.5499424929952585,
        233.87891085259537
      ],
      [
        1.8110842312972935,
        1.2465669568705782,
        203.64056218568513
      ],
      [
        1.7364042353475608,
        1.5694625498285915,
        66.37903193369375
      ]
    ]
  },
  "6": {
    "side": 1.7061791509023294,
    "trees": [
      [
        0.18661902303241643,
        0.7143707057160584,
        100.94733990473725
      ],
      [
        -0.12500910844463817,
        -0.2279826420104824,
        323.3322738557051
      ],
      [
        0.46999353181675113,
        -0.23087934935301685,
        355.02768381496054
      ],
      [
        -0.4804738855658022,
        1.054503660524677,
        149.43624003625214
      ],
      [
        0.4925587122333013,
        1.0554806269500816,
        203.65361835612018
      ],
      [
        -0.5395184341256752,
        -0.22931768269331781,
        6.152061098703405
      ]
    ]
  }
}