{
  "2": {
    "side": 0.986425894752766,
    "trees": [
      [
        -0.003517842375562096,
        -0.0029491789345335515,
        160.07333705365662
      ],
      [
        0.44042610499666457,
        -0.45510425348501254,
        113.6316093312611
      ]
    ]
  },
  "6": {
    "side": 1.7083052957101084,
    "trees": [
      [
        0.040278140119938945,
        0.047897477669668766,
        156.36081117791886
      ],
      [
        0.4264469088448515,
        -0.44239873219232556,
        113.47936840346946
      ],
      [
        0.5209438210644071,
        0.1571819912607683,
        203.60541409862694
      ],
      [
        -0.44228755975359996,
        0.37808335066561904,
        272.6314103240557
      ],
      [
        0.640916550885789,
        0.5949412203908244,
        86.84885461428966
      ],
      [
        -0.5427973938157706,
        -0.4763981109485198,
        23.581987507485067
      ]
    ]
  },
  "7": {
    "side": 1.8901616584091345,
    "trees": [
      [
        -0.00223890243163274,
        -0.014084842388472596,
        0.0
      ],
      [
        -0.5247569495992389,
        -0.23657586268770928,
        0.0
      ],
      [
        -0.1816066528262998,
        -0.601566216184638,
        315.864382488201
      ],
      [
        -0.714216815682404,
        0.6434609434950115,
        88.60462771493265
      ],
      [
        -1.1802711766894887,
        -0.2614813817546855,
        226.12068285008394
      ],
      [
        -0.8842787043900874,
        0.044754110274064736,
        45.27138409781567
      ],
      [
        -0.2937349434798003,
        0.844816433997283,
        179.959220052126
      ]
    ]
  }
}