{
  "11": {
    "side": 2.2181621682535066,
    "trees": [
      [
        -0.1391060235746492,
        0.16827617038981774,
        258.0658244578794
      ],
      [
        -0.03466489244820245,
        0.915353013295936,
        204.23577768240392
      ],
      [
        -0.6059083106680715,
        -0.2821624769108525,
        267.32072309829357
      ],
      [
        -0.6589089820686131,
        0.09614629583784143,
        337.6130936717022
      ],
      [
        -0.7186976247924608,
        0.9314664513090154,
        156.65180333332654
      ],
      [
        0.9644248673300627,
        0.8203122245276872,
        67.99999418408754
      ],
      [
        0.7048341446180939,
        -0.2982931738713042,
        78.1500780970386
      ],
      [
        0.9649287240618019,
        0.24589330536029522,
        65.88722006945432
      ],
      [
        0.8458645762721275,
        -0.8368633970979221,
        337.3421952722302
      ],
      [
        0.2019172469785325,
        -0.7200003480172623,
        100.66671804852108
      ],
      [
        -0.7181602218087602,
        -0.8600594119814348,
        23.71174531483323
      ]
    ],
    "original_side": 2.3232850972280823
  },
  "12": {
    "side": 2.3133980649271035,
    "trees": [
      [
        0.2776872676117443,
        -0.005089211727106212,
        156.19598294803836
      ],
      [
        0.028978532413406557,
        0.3268413478162918,
        300.8176818792962
      ],
      [
        -0.3717489790459079,
        -0.5133986831952817,
        90.83146275962886
      ],
      [
        -0.4575451432917105,
        0.5234241114349756,
        203.68468908584438
      ],
      [
        0.3953245965744076,
        -0.7668418683834421,
        336.38060001333685
      ],
      [
        -1.3837832721888772,
        -1.2497410959341568,
        249.0402513053198
      ],
      [
        -1.2453465848699383,
        -0.7658864406624761,
        23.795134992400623
      ],
      [
        -1.3671580701126445,
        0.4158900980427489,
        293.64195049690244
      ],
      [
        -0.42729322291127625,
        -1.161588319721242,
        241.55643757531845
      ],
      [
        0.4865746378447133,
        -1.291261650253394,
        54.137172529948955
      ],
      [
        -1.0609119464588221,
        -0.2583778080648742,
        342.54872301715267
      ],
      [
        -0.9087514791420997,
        -0.8413197564046399,
        203.2153700958692
      ]
    ],
    "original_side": 2.4724567685200496
  },
  "13": {
    "side": 2.471848766678691,
    "trees": [
      [
        -0.7280021603961683,
        0.5439103187317986,
        180.71599760706115
      ],
      [
        -1.2003835396440468,
        0.33465471326291324,
        59.16422723223054
      ],
      [
        -0.12222016823636496,
        0.5355082616970785,
        143.30809647610525
      ],
      [
        -1.9921967443609532,
        0.5309914017408107,
        156.4230065166409
      ],
      [
        -0.05268821763940162,
        -0.4484374750863316,
        77.68101900064421
      ],
      [
        -0.6581406504296183,
        -0.7966395937435489,
        257.7139140710943
      ],
      [
        -1.1603350768384944,
        -0.474997815515714,
        343.48128674143084
      ],
      [
        -1.9194617364555315,
        -0.44737807879112074,
        309.0062659550641
      ],
      [
        -1.6671789009537143,
        -0.7961744815973654,
        268.59378350207385
      ],
      [
        -0.48919900345893436,
        -1.43915326220474,
        305.9844279514148
      ],
      [
        -1.8293743076282944,
        -1.3793442228292243,
        276.86746157594513
      ],
      [
        -0.7790741091655196,
        -1.4051903302058104,
        113.14627270990289
      ],
      [
        -1.992166200298427,
        -0.8123145334677353,
        156.34748711041715
      ]
    ],
    "original_side": 2.526194368804694
  },
  "14": {
    "side": 2.60158090260185,
    "trees": [
      [
        0.008641064630108422,
        0.32980248712990057,
        284.3788461550435
      ],
      [
        0.9869742958322038,
        0.7101855573813624,
        83.75464674466224
      ],
      [
        1.0441680375621807,
        -0.6634879915877894,
        34.83555775949266
      ],
      [
        1.1757824167780049,
        -0.14788119050140622,
        13.054337912879106
      ],
      [
        1.6121724860361308,
        -0.6812251043222598,
        303.4891973615108
      ],
      [
        1.6965127390969754,
        0.8660654920744729,
        19.890405250712995
      ],
      [
        0.5904494042997488,
        1.216684320497916,
        70.53460884339047
      ],
      [
        -0.009499728697569109,
        -0.6216448985039036,
        271.0505383167486
      ],
      [
        0.25171705345192297,
        -0.2333938961156676,
        326.8051484355748
      ],
      [
        0.11854434900430422,
        0.7688938191383233,
        22.787102600201898
      ],
      [
        2.0629805422133147,
        0.7809255168540818,
        204.1859258835698
      ],
      [
        1.0846887694875447,
        1.4129477692422348,
        197.10015277071483
      ],
      [
        2.075887626018378,
        0.05349990916197826,
        123.48730559841549
      ],
      [
        2.1688253907846122,
        1.3060164745861182,
        66.2351727693522
      ]
    ],
    "original_side": 2.6284946528647017
  },
  "15": {
    "side": 2.6604650690969,
    "trees": [
      [
        0.9107707228536674,
        0.6249213826954407,
        52.580901111227924
      ],
      [
        1.271997200564656,
        0.4204615869252298,
        246.89435261362576
      ],
      [
        1.2614550996153282,
        -0.38278242331348517,
        58.422523273079655
      ],
      [
        0.07494806078401958,
        -0.5578390855731187,
        23.56999191905237
      ],
      [
        1.8695513492183569,
        -0.5641584278685685,
        27.41911535284132
      ],
      [
        1.3981072084137574,
        1.167229710657152,
        208.75965391106658
      ],
      [
        0.4340545098364237,
        0.27280737682138145,
        53.983809060997494
      ],
      [
        0.602613915679981,
        -0.559781503643813,
        15.385301351891432
      ],
      [
        -0.040226136445253934,
        1.0220224705588945,
        233.9145562824822
      ],
      [
        0.09731424878522005,
        1.6753410944792342,
        216.6418196944637
      ],
      [
        2.06737789987527,
        0.948610933554036,
        190.97289889322738
      ],
      [
        1.3432095849173555,
        1.5373123616086128,
        64.42860829171342
      ],
      [
        2.0929996336016408,
        0.10711336876568266,
        203.66357234114363
      ],
      [
        2.1390845409441823,
        1.666346664823092,
        141.66173611917606
      ],
      [
        0.907113845797716,
        1.08674887194563,
        18.480915293864506
      ]
    ],
    "original_side": 2.6936959385875627
  }
}