{
  "3": {
    "side": 1.1423260139668772,
    "trees": [
      [
        2.108531041851454,
        -1.6017089733619805,
        246.353997648599
      ],
      [
        2.6872928288592353,
        -1.4996498297146703,
        334.0595191812101
      ],
      [
        2.191847514380192,
        -1.1170693375824807,
        292.6965434088427
      ]
    ]
  },
  "4": {
    "side": 1.2946186763555085,
    "trees": [
      [
        0.6649112920262348,
        -0.3076599011926548,
        156.36179518170874
      ],
      [
        1.3175259993658233,
        -0.3077727982413302,
        203.67416165403282
      ],
      [
        0.6705995988359635,
        -1.1756837660153188,
        336.3654533679092
      ],
      [
        1.3125462549596585,
        -1.1757029154166507,
        23.67077578662039
      ]
    ]
  }
}