{
  "7": {
    "side": 1.878861960119012,
    "trees": [
      [
        -0.16243913893956247,
        0.25328036213227195,
        223.11347403531303
      ],
      [
        -0.7573205504258668,
        -0.45433628915927904,
        113.61850443254085
      ],
      [
        0.105349801536856,
        -0.42542143496781987,
        113.69926028009901
      ],
      [
        -0.7377451343991656,
        0.8289882896949057,
        128.3280771674275
      ],
      [
        -1.2702923060846936,
        0.04479791749463938,
        305.67972140234986
      ],
      [
        -0.6841330363425865,
        -0.12010110415593994,
        342.16357056061713
      ],
      [
        0.18582807135411136,
        0.75122277280568,
        92.19570962123127
      ]
    ]
  }
}