{
  "11": {
    "side": 2.3232850972280823,
    "trees": [
      [
        0.028113949998573466,
        0.004409412648121608,
        45.0
      ],
      [
        0.346115230750163,
        0.5367446370099874,
        90.0
      ],
      [
        0.29804240184479464,
        -0.00864249828112944,
        225.0
      ],
      [
        -0.4669561945984104,
        -0.13805916305874155,
        225.0
      ],
      [
        -0.45562529857808864,
        0.8871816512858381,
        270.0
      ],
      [
        0.6827664330010815,
        0.977006664833782,
        180.0
      ],
      [
        0.8956440706400434,
        0.1536106645240683,
        180.0
      ],
      [
        1.1092115794967843,
        0.35398264099882626,
        0.0
      ],
      [
        1.1358647949973402,
        -0.8000052504294878,
        0.0
      ],
      [
        0.45365963176030594,
        -0.7571969791270986,
        45.0
      ],
      [
        -0.6312854527787096,
        -0.736103445942244,
        270.0
      ]
    ],
    "original_side": 2.3232850972280823
  },
  "12": {
    "side": 2.4724567685200496,
    "trees": [
      [
        -0.033352765741782475,
        -0.010371534579999958,
        45.0
      ],
      [
        0.25365671616974156,
        0.5494518212287371,
        90.0
      ],
      [
        -0.5892597482613137,
        -0.30107411114828087,
        0.0
      ],
      [
        -0.8107177644405755,
        0.6987570600571148,
        180.0
      ],
      [
        0.11765575462415176,
        -0.3993888652326185,
        135.0
      ],
      [
        -1.0291607225046706,
        -0.5105489069719196,
        135.0
      ],
      [
        -1.126924522957715,
        -0.1376821633210802,
        0.0
      ],
      [
        -1.4520559079692612,
        0.32809185493702925,
        45.0
      ],
      [
        -0.7978221702676733,
        -1.0061412345660412,
        315.0
      ],
      [
        0.2527917794689635,
        -1.0087027401705653,
        90.0
      ],
      [
        -1.56140335090471,
        -0.19173168757669767,
        180.0
      ],
      [
        -1.1393470465810904,
        -1.2230049472913127,
        90.0
      ]
    ],
    "original_side": 2.4724567685200496
  },
  "13": {
    "side": 2.526194368804694,
    "trees": [
      [
        0.021532492996791996,
        -0.007452103172148819,
        45.0
      ],
      [
        -0.5768331509679749,
        -0.17543582947560385,
        0.0
      ],
      [
        0.2380051128231591,
        0.5914936339626069,
        90.0
      ],
      [
        -0.8780009855224207,
        0.673416271113347,
        180.0
      ],
      [
        0.16271504430435113,
        -0.3613382160504264,
        135.0
      ],
      [
        -1.0085503413396364,
        -0.516917466123629,
        270.0
      ],
      [
        -1.2289275790326744,
        -0.12497133763375391,
        0.0
      ],
      [
        -1.4641486394774157,
        -0.5724803363175935,
        225.0
      ],
      [
        -1.517485822242654,
        0.7380375362109582,
        180.0
      ],
      [
        0.22969723460931782,
        -0.9984922133719412,
        90.0
      ],
      [
        -1.4082751634075623,
        -1.2167309590426578,
        45.0
      ],
      [
        -0.7702976417664856,
        -1.2196786555159396,
        270.0
      ],
      [
        -1.7381892559815348,
        -0.3325756862982276,
        0.0
      ]
    ],
    "original_side": 2.526194368804694
  },
  "14": {
    "side": 2.6284946528647017,
    "trees": [
      [
        0.6488913162513408,
        0.1440372603793375,
        45.0
      ],
      [
        0.9964111360127359,
        0.39758043266624277,
        225.0
      ],
      [
        0.9507871727641846,
        -0.06070461305186312,
        180.0
      ],
      [
        0.35328691684498853,
        -0.22242593452455797,
        225.0
      ],
      [
        1.3491413502273446,
        -0.38143113919428734,
        225.0
      ],
      [
        1.168924493560422,
        0.7201568961386314,
        315.0
      ],
      [
        0.801884354378297,
        0.7454830968181035,
        90.0
      ],
      [
        0.20592820478121115,
        -0.7211188560539759,
        45.0
      ],
      [
        -0.014045499834869631,
        -0.016451547066841557,
        0.0
      ],
      [
        -0.14493341268945564,
        1.0057972457359903,
        270.0
      ],
      [
        1.6782564590195688,
        0.32084060750931265,
        0.0
      ],
      [
        0.8055106009380207,
        1.2336142328475044,
        270.0
      ],
      [
        1.8316622986398894,
        0.1187470091352903,
        180.0
      ],
      [
        1.9124130259655332,
        1.4598884233954343,
        180.0
      ]
    ],
    "original_side": 2.6284946528647017
  },
  "15": {
    "side": 2.6936959385875627,
    "trees": [
      [
        0.6414999168826039,
        0.14733610351526794,
        45.0
      ],
      [
        0.9964111360127359,
        0.3970928386796054,
        225.0
      ],
      [
        0.9497372963854628,
        -0.06070461305186312,
        180.0
      ],
      [
        0.3515931543187215,
        -0.2199406566248373,
        225.0
      ],
      [
        1.361945856056773,
        -0.3690145283113166,
        225.0
      ],
      [
        1.1874829552295536,
        0.7023198438148887,
        315.0
      ],
      [
        0.801884354378297,
        0.7454830968181035,
        90.0
      ],
      [
        0.20598040100327542,
        -0.7159473252062952,
        45.0
      ],
      [
        -0.013581429348710247,
        -0.017769722379677923,
        0.0
      ],
      [
        -0.14164347601004307,
        1.005743929675553,
        270.0
      ],
      [
        1.6839988541158237,
        0.298367415374077,
        0.0
      ],
      [
        0.8587974379550998,
        1.2301757807793932,
        270.0
      ],
      [
        1.8376284395491738,
        0.09731757367472761,
        180.0
      ],
      [
        1.9286019782864006,
        1.4435043436578725,
        180.0
      ],
      [
        0.6580603146874147,
        1.3802612399659762,
        90.0
      ]
    ],
    "original_side": 2.6936959385875627
  }
}