{
  "7": {
    "side": 1.8940456353009694,
    "trees": [
      [
        -0.00223890243163274,
        -0.014084842388472596,
        0.0
      ],
      [
        -0.5247569495992389,
        -0.23657586268770928,
        0.0
      ],
      [
        -0.19167385303823806,
        -0.5989286944106547,
        315.0
      ],
      [
        -0.7170717270861119,
        0.6448343871608883,
        89.03223947110334
      ],
      [
        -1.1802711766894887,
        -0.2614813817546855,
        226.12068285008394
      ],
      [
        -0.8842787043900874,
        0.044754110274064736,
        45.27138409781567
      ],
      [
        -0.29162748777796016,
        0.8473673949427724,
        179.79877221987954
      ]
    ]
  },
  "8": {
    "side": 2.0377548927285254,
    "trees": [
      [
        -0.12325118358370311,
        -0.16453334267900288,
        133.95109324902842
      ],
      [
        -0.7312764824561993,
        -0.052901174506144816,
        137.47337784789656
      ],
      [
        0.20531411223286603,
        -0.6852097187087884,
        90.20678080659458
      ],
      [
        -0.8834926431891778,
        -0.8920337180812357,
        268.5903448577758
      ],
      [
        -0.009065999744388525,
        -1.1971206856519725,
        87.95795226129506
      ],
      [
        -1.0579432493546004,
        -1.4278940043048416,
        267.3954231449463
      ],
      [
        0.35822329954476817,
        -1.5942291011925203,
        357.7223521004054
      ],
      [
        0.5171968790487973,
        -0.33907425865432,
        44.756862681089125
      ]
    ]
  },
  "9": {
    "side": 2.129338473055497,
    "trees": [
      [
        -0.13992789553893192,
        0.07421250333389162,
        45.0
      ],
      [
        -0.6298569595092343,
        -0.34744027699646846,
        0.0
      ],
      [
        0.17468375528855234,
        0.6088265369666004,
        90.0
      ],
      [
        -0.16341870569737,
        -0.4606681292874238,
        315.0
      ],
      [
        -0.9283224295075496,
        0.767997051488251,
        180.0
      ],
      [
        -1.0805428795539984,
        -0.09802079281271403,
        180.0
      ],
      [
        -1.3350534707451258,
        0.10235826999891798,
        0.0
      ],
      [
        -1.3770717538036288,
        -0.9538572800146966,
        0.0
      ],
      [
        -0.7972533995977347,
        -0.8056612384244917,
        270.0
      ]
    ]
  },
  "10": {
    "side": 2.196305142430833,
    "trees": [
      [
        -0.026974657117235616,
        0.041086189051856396,
        45.0
      ],
      [
        -0.5083709947605259,
        -0.39909349485612233,
        0.0
      ],
      [
        0.30943686746448,
        0.5658416607006365,
        90.0
      ],
      [
        -0.05807894090492639,
        -0.49781406946119716,
        315.0
      ],
      [
        -0.7550170480190741,
        0.7944511581621923,
        270.0
      ],
      [
        -0.921030897785277,
        0.10083266337790445,
        180.0
      ],
      [
        -1.0824438018850508,
        0.30437998334676175,
        0.0
      ],
      [
        -1.336026267123065,
        -0.5432885330879161,
        0.0
      ],
      [
        -1.336868274966353,
        1.223917360927352,
        180.0
      ],
      [
        0.1142304270441306,
        1.0778531352107201,
        90.0
      ]
    ]
  }
}