{
  "7": {
    "side": 1.8940456353009694,
    "trees": [
      [
        -0.00223890243163274,
        -0.014084842388472596,
        0.0
      ],
      [
        -0.5247569495992389,
        -0.23657586268770928,
        0.0
      ],
      [
        -0.19167385303823806,
        -0.5989286944106547,
        315.0
      ],
      [
        -0.7170717270861119,
        0.6448343871608883,
        89.03223947110334
      ],
      [
        -1.1802711766894887,
        -0.2614813817546855,
        226.12068285008394
      ],
      [
        -0.8842787043900874,
        0.044754110274064736,
        45.27138409781567
      ],
      [
        -0.29162748777796016,
        0.8473673949427724,
        179.79877221987954
      ]
    ]
  },
  "8": {
    "side": 2.0377548927285254,
    "trees": [
      [
        -0.12325118358370311,
        -0.16453334267900288,
        133.95109324902842
      ],
      [
        -0.7312764824561993,
        -0.052901174506144816,
        137.47337784789656
      ],
      [
        0.20531411223286603,
        -0.6852097187087884,
        90.20678080659458
      ],
      [
        -0.8834926431891778,
        -0.8920337180812357,
        268.5903448577758
      ],
      [
        -0.009065999744388525,
        -1.1971206856519725,
        87.95795226129506
      ],
      [
        -1.0579432493546004,
        -1.4278940043048416,
        267.3954231449463
      ],
      [
        0.35822329954476817,
        -1.5942291011925203,
        357.7223521004054
      ],
      [
        0.5171968790487973,
        -0.33907425865432,
        44.756862681089125
      ]
    ]
  }
}