{
  "15": {
    "side": 2.6936959385875627,
    "trees": [
      [
        0.6414999168826039,
        0.14733610351526794,
        45.0
      ],
      [
        0.9964111360127359,
        0.3970928386796054,
        225.0
      ],
      [
        0.9497372963854628,
        -0.06070461305186312,
        180.0
      ],
      [
        0.3515931543187215,
        -0.2199406566248373,
        225.0
      ],
      [
        1.361945856056773,
        -0.3690145283113166,
        225.0
      ],
      [
        1.1874829552295536,
        0.7023198438148887,
        315.0
      ],
      [
        0.801884354378297,
        0.7454830968181035,
        90.0
      ],
      [
        0.20598040100327542,
        -0.7159473252062952,
        45.0
      ],
      [
        -0.013581429348710247,
        -0.017769722379677923,
        0.0
      ],
      [
        -0.14164347601004307,
        1.005743929675553,
        270.0
      ],
      [
        1.6839988541158237,
        0.298367415374077,
        0.0
      ],
      [
        0.8587974379550998,
        1.2301757807793932,
        270.0
      ],
      [
        1.8376284395491738,
        0.09731757367472761,
        180.0
      ],
      [
        1.9286019782864006,
        1.4435043436578725,
        180.0
      ],
      [
        0.6580603146874147,
        1.3802612399659762,
        90.0
      ]
    ]
  },
  "20": {
    "side": 3.0274578672878274,
    "trees": [
      [
        -0.09587719497410058,
        0.0957518184611402,
        45.0
      ],
      [
        -0.6950548269301137,
        -0.09968414064487964,
        0.0
      ],
      [
        0.3684206134044327,
        0.47998110819182543,
        180.0
      ],
      [
        -1.1356087068977248,
        0.42859390246795565,
        135.0
      ],
      [
        0.08371758909463252,
        -0.2228665524642854,
        135.0
      ],
      [
        -1.1200381456537314,
        -0.4447653038410998,
        270.0
      ],
      [
        0.4245037516345577,
        -0.7508704868991336,
        90.0
      ],
      [
        -0.4851336285688487,
        -0.8635605295786095,
        90.0
      ],
      [
        -1.4230975280997396,
        -1.1106354863412846,
        270.0
      ],
      [
        -0.29059485649005945,
        -1.1336247437668645,
        225.0
      ],
      [
        -1.5738087000097902,
        -0.3885391588480768,
        315.0
      ],
      [
        -0.6132048849032505,
        -1.4561265807828756,
        90.0
      ],
      [
        0.5166202945335143,
        -1.4367798214920477,
        45.0
      ],
      [
        -1.6720834693855482,
        -1.4455289081739915,
        225.0
      ],
      [
        -0.41275831522814616,
        -1.7482104473825733,
        270.0
      ],
      [
        -1.9491690323464343,
        0.10690433057834159,
        315.0
      ],
      [
        -1.6726074771030346,
        -0.787934008938601,
        135.0
      ],
      [
        -2.028895673733755,
        -1.9623590542476803,
        270.0
      ],
      [
        0.5694575869790808,
        -1.977142007932707,
        90.0
      ],
      [
        -0.7150959188739461,
        -2.0778109792163515,
        45.0
      ]
    ]
  },
  "25": {
    "side": 3.413503395173498,
    "trees": [
      [
        0.008507241041903634,
        0.02804876588986219,
        45.0
      ],
      [
        -0.4903223165135811,
        -0.37318571086861885,
        0.0
      ],
      [
        0.2648331697367253,
        0.6184232253275967,
        90.0
      ],
      [
        -0.5972076055518275,
        0.9153718182540834,
        270.0
      ],
      [
        0.38868964879268136,
        -0.25971377307198384,
        0.0
      ],
      [
        0.7151863448580147,
        0.6833142046661829,
        45.0
      ],
      [
        0.8029038810152725,
        0.23753911142416237,
        180.0
      ],
      [
        1.0135535885693794,
        1.230010656355207,
        90.0
      ],
      [
        0.05934708234786607,
        1.3252606006530725,
        90.0
      ],
      [
        1.1537730802334616,
        -0.17702651907412756,
        270.0
      ],
      [
        1.0050248161118946,
        0.6902368444435545,
        225.0
      ],
      [
        1.4152043099228517,
        1.454261349480347,
        180.0
      ],
      [
        0.2817130966168345,
        1.6085862369954729,
        270.0
      ],
      [
        -0.5619911358355133,
        1.7514054444850367,
        270.0
      ],
      [
        1.1977242481311474,
        1.864790048021792,
        90.0
      ],
      [
        1.7065315700313457,
        1.7483544546190317,
        0.0
      ],
      [
        1.72974351162023,
        0.6177822071603274,
        0.0
      ],
      [
        0.2812259055938078,
        2.059120428714231,
        90.0
      ],
      [
        1.70015862191939,
        0.2522575697581032,
        225.0
      ],
      [
        2.0230300922583826,
        1.5483251851745348,
        180.0
      ],
      [
        0.4847765109983272,
        2.251263270413705,
        270.0
      ],
      [
        2.117657093286217,
        2.502585979496502,
        180.0
      ],
      [
        -0.504589786770991,
        2.4169511665339662,
        270.0
      ],
      [
        1.4423433930409106,
        2.490317684304879,
        90.0
      ],
      [
        2.2184103270179363,
        0.616608961816405,
        180.0
      ]
    ]
  },
  "30": {
    "side": 3.684037102108129,