{
  "9": {
    "side": 2.129338473055497,
    "trees": [
      [
        -0.13992789553893192,
        0.07421250333389162,
        45.0
      ],
      [
        -0.6298569595092343,
        -0.34744027699646846,
        0.0
      ],
      [
        0.17468375528855234,
        0.6088265369666004,
        90.0
      ],
      [
        -0.16341870569737,
        -0.4606681292874238,
        315.0
      ],
      [
        -0.9283224295075496,
        0.767997051488251,
        180.0
      ],
      [
        -1.0805428795539984,
        -0.09802079281271403,
        180.0
      ],
      [
        -1.3350534707451258,
        0.10235826999891798,
        0.0
      ],
      [
        -1.3770717538036288,
        -0.9538572800146966,
        0.0
      ],
      [
        -0.7972533995977347,
        -0.8056612384244917,
        270.0
      ]
    ]
  },
  "10": {
    "side": 2.196305142430833,
    "trees": [
      [
        -0.026974657117235616,
        0.041086189051856396,
        45.0
      ],
      [
        -0.5083709947605259,
        -0.39909349485612233,
        0.0
      ],
      [
        0.30943686746448,
        0.5658416607006365,
        90.0
      ],
      [
        -0.05807894090492639,
        -0.49781406946119716,
        315.0
      ],
      [
        -0.7550170480190741,
        0.7944511581621923,
        270.0
      ],
      [
        -0.921030897785277,
        0.10083266337790445,
        180.0
      ],
      [
        -1.0824438018850508,
        0.30437998334676175,
        0.0
      ],
      [
        -1.336026267123065,
        -0.5432885330879161,
        0.0
      ],
      [
        -1.336868274966353,
        1.223917360927352,
        180.0
      ],
      [
        0.1142304270441306,
        1.0778531352107201,
        90.0
      ]
    ]
  }
}