{
  "5": {
    "side": 1.501421399561296,
    "trees": [
      [
        0.8439690259891762,
        0.7514134617160351,
        293.6039760127118
      ],
      [
        1.677562362511064,
        0.7093808810058801,
        113.62569800533214
      ],
      [
        0.8464283145987087,
        1.5499424929952585,
        233.87891085259537
      ],
      [
        1.8110842312972935,
        1.2465669568705782,
        203.64056218568513
      ],
      [
        1.7364042353475608,
        1.5694625498285915,
        66.37903193369375
      ]
    ]
  },
  "6": {
    "side": 1.7152333102832236,
    "trees": [
      [
        0.040278140119938945,
        0.047897477669668766,
        156.36081117791886
      ],
      [
        0.4247447892708852,
        -0.4444319054343846,
        113.6020567661988
      ],
      [
        0.5239672621825187,
        0.15502620978239937,
        203.13540590415377
      ],
      [
        -0.44228755975359996,
        0.37808335066561904,
        272.6314103240557
      ],
      [
        0.6456872366406939,
        0.5959807525535457,
        87.12214715745871
      ],
      [
        -0.5439497732425864,
        -0.4720889583267461,
        23.741053936939018
      ]
    ]
  }
}