{
  "side": 1.794719935010276,
  "trees": [
    [
      -0.6116567343336033,
      0.24446207628386887,
      207.14211828018065
    ],
    [
      -0.9439336380002988,
      -0.47962816972598976,
      246.68535487850292
    ],
    [
      -1.2628487366947545,
      -0.036343096670062226,
      320.46643816410386
    ],
    [
      -1.253440175995346,
      0.6664779309294194,
      66.37984806202773
    ],
    [
      -1.6656131211034606,
      0.40966099799644023,
      156.54789140640037
    ],
    [
      -1.564426212120025,
      -0.6050481533027103,
      357.99022667007023
    ],
    [
      -0.4050610930020097,
      0.6081594916561599,
      65.44612281762424
    ]
  ]
}