{
  "1": {
    "side": 0.8131727983645297,
    "trees": [
      [
        0.0,
        0.0,
        45.0
      ]
    ]
  },
  "2": {
    "side": 0.9510285273257304,
    "trees": [
      [
        4.767026701741733e-05,
        0.000639626043011356,
        66.43967870495179
      ],
      [
        -0.524360861403155,
        -0.3085672950668909,
        246.4754163332406
      ]
    ]
  },
  "3": {
    "side": 1.142326013966877,
    "trees": [
      [
        2.108531041851454,
        -1.6017089733619805,
        246.353997648599
      ],
      [
        2.6872928288592353,
        -1.4996498297146703,
        334.0595191812101
      ],
      [
        2.191847514380192,
        -1.1170693375824807,
        292.6965434088427
      ]
    ]
  },
  "4": {
    "side": 1.2946186763555085,
    "trees": [
      [
        0.6649112920262348,
        -0.3076599011926548,
        156.36179518170874
      ],
      [
        1.3175259993658233,
        -0.3077727982413302,
        203.67416165403282
      ],
      [
        0.6705995988359635,
        -1.1756837660153188,
        336.3654533679092
      ],
      [
        1.3125462549596585,
        -1.1757029154166507,
        23.67077578662039
      ]
    ]
  },
  "5": {
    "side": 1.501421399561296,
    "trees": [
      [
        0.8439690259891762,
        0.7514134617160351,
        293.6039760127118
      ],
      [
        1.677562362511064,
        0.7093808810058801,
        113.62569800533214
      ],
      [
        0.8464283145987087,
        1.5499424929952585,
        233.87891085259537
      ],
      [
        1.8110842312972935,
        1.2465669568705782,
        203.64056218568513
      ],
      [
        1.7364042353475608,
        1.5694625498285915,
        66.37903193369375
      ]
    ]
  },
  "6": {
    "side": 1.7061791509023294,
    "trees": [
      [
        0.18661902303241643,
        0.7143707057160584,
        100.94733990473725
      ],
      [
        -0.12500910844463817,
        -0.2279826420104824,
        323.3322738557051
      ],
      [
        0.46999353181675113,
        -0.23087934935301685,
        355.02768381496054
      ],
      [
        -0.4804738855658022,
        1.054503660524677,
        149.43624003625214
      ],
      [
        0.4925587122333013,
        1.0554806269500816,
        203.65361835612018
      ],
      [
        -0.5395184341256752,
        -0.22931768269331781,
        6.152061098703405
      ]
    ]
  },
  "7": {
    "side": 1.794719935010276,
    "trees": [
      [
        -0.6116567343336033,
        0.24446207628386887,
        207.14211828018065
      ],
      [
        -0.9439336380002988,
        -0.47962816972598976,
        246.68535487850292
      ],
      [
        -1.2628487366947545,
        -0.036343096670062226,
        320.46643816410386
      ],
      [
        -1.253440175995346,
        0.6664779309294194,
        66.37984806202773
      ],
      [
        -1.6656131211034606,
        0.40966099799644023,
        156.54789140640037
      ],
      [
        -1.564426212120025,
        -0.6050481533027103,
        357.99022667007023
      ],
      [
        -0.4050610930020097,
        0.6081594916561599,
        65.44612281762424
      ]
    ]
  },
  "8": {
    "side": 1.9700959480329125,
    "trees": [
      [
        -0.6120096828661346,
        -0.35700535588060167,
        228.1586628395665
      ],
      [
        -0.9581186925882773,
        0.13671797070573596,
        141.1012955908929
      ],
      [
        0.232741569833736,
        0.011559252136626974,
        86.13561868497017
      ],
      [
        -1.2541241805285734,
        -0.7292403926108586,
        322.24799285149885
      ],
      [
        -0.32546770590938184,
        -1.141624313030569,
        48.73670453259116
      ],
      [
        -0.8146320014116526,
        -1.2363562585491001,
        116.4342210541833
      ],
      [
        0.2268402042040344,
        -1.2314049652591434,
        116.96086758810176
      ],
      [
        0.20053740141455226,
        -0.5899596944818098,
        47.44726687923196
      ]
    ]
  },
  "9": {
    "side": 2.088121617952722,
    "trees": [
      [
        0.10743558614763028,
        -0.07231301696681486,
        203.0907725889107
      ],
      [
        -0.3648913413956392,
        -0.47603407358450917,
        18.400343324004698
      ],
      [
        -0.26292237771723986,
        0.23567161273967002,
        299.4051202539492
      ],
      [
        0.16437390301831248,
        -0.8516340723394771,
        126.58439100011815
      ],
      [
        -0.581769634900071,
        0.4115555431246616,
        68.2917072990553
      ],
      [
        -0.8691278679721827,
        -0.2906754169592956,
        71.89674221884778
      ],
      [
        -1.4364877012624033,
        0.31195872841312317,
        250.6340925286669
      ],
      [
        -1.3324036623919209,
        -0.5442887038293911,
        156.45460020023364
      ],
      [
        -1.0776442699530766,
        -1.0740718674032759,
        307.5959307769487
      ]
    ]
  },
  "10": {
    "side": 2.196305142430833,
    "trees": [
      [
        -0.026974657117235616,
        0.041086189051856396,
        45.0
      ],
      [
        -0.5083709947605259,
        -0.39909349485612233,
        0.0
      ],
      [
        0.30943686746448,
        0.5658416607006365,
        90.0
      ],
      [
        -0.05807894090492639,
        -0.49781406946119716,
        315.0
      ],
      [
        -0.7550170480190741,
        0.7944511581621923,
        270.0
      ],
      [
        -0.921030897785277,
        0.10083266337790445,
        180.0
      ],
      [
        -1.0824438018850508,
        0.30437998334676175,
        0.0
      ],
      [
        -1.336026267123065,
        -0.5432885330879161,
        0.0
      ],
      [
        -1.336868274966353,
        1.223917360927352,
        180.0
      ],
      [
        0.1142304270441306,
        1.0778531352107201,
        90.0
      ]
    ]
  }
}