{
  "1": {
    "side": 0.8132,
    "trees": [
      [
        0,
        0,
        45
      ]
    ]
  },
  "2": {
    "side": 0.9884466679236927,
    "trees": [
      [
        -0.0067164937818462046,
        -0.0015636417526081203,
        159.54768219769448
      ],
      [
        0.4404721085833212,
        -0.4548689160221383,
        113.48580407438723
      ]
    ]
  },
  "3": {
    "side": 1.1440748361958295,
    "trees": [
      [
        0.040278140119938945,
        0.047897477669668766,
        156.36081117791886
      ],
      [
        0.43453368667145054,
        -0.4420611407791544,
        114.04444300558741
      ],
      [
        0.5239454606843454,
        0.15882952870784692,
        203.89733997750136
      ]
    ]
  },
  "4": {
    "side": 1.4931015298792292,
    "trees": [
      [
        0.040278140119938945,
        0.047897477669668766,
        156.36081117791886
      ],
      [
        0.4263629943693397,
        -0.4436123170617451,
        113.16775276523155
      ],
      [
        0.5239672621825187,
        0.15502620978239937,
        203.13540590415377
      ],
      [
        -0.44228755975359996,
        0.37808335066561904,
        272.6314103240557
      ]
    ]
  },
  "5": {
    "side": 1.59922600968306,
    "trees": [
      [
        0.040278140119938945,
        0.047897477669668766,
        156.36081117791886
      ],
      [
        0.4247447892708852,
        -0.4444319054343846,
        113.6020567661988
      ],
      [
        0.5239672621825187,
        0.15502620978239937,
        203.13540590415377
      ],
      [
        -0.44228755975359996,
        0.37808335066561904,
        272.6314103240557
      ],
      [
        0.73871707629069,
        0.5127439823188037,
        66.31799042352327
      ]
    ]
  },
  "6": {
    "side": 1.7152333102832236,
    "trees": [
      [
        0.040278140119938945,
        0.047897477669668766,
        156.36081117791886
      ],
      [
        0.4247447892708852,
        -0.4444319054343846,
        113.6020567661988
      ],
      [
        0.5239672621825187,
        0.15502620978239937,
        203.13540590415377
      ],
      [
        -0.44228755975359996,
        0.37808335066561904,
        272.6314103240557
      ],
      [
        0.6456872366406939,
        0.5959807525535457,
        87.12214715745871
      ],
      [
        -0.5439497732425864,
        -0.4720889583267461,
        23.741053936939018
      ]
    ]
  },
  "7": {
    "side": 1.8641317078170943,
    "trees": [
      [
        0.040278140119938945,
        0.047897477669668766,
        156.36081117791886
      ],
      [
        0.4247447892708852,
        -0.4444319054343846,
        113.6020567661988
      ],
      [
        0.5239672621825187,
        0.15502620978239937,
        203.13540590415377
      ],
      [
        -0.44228755975359996,
        0.37808335066561904,
        272.6314103240557
      ],
      [
        0.6456872366406939,
        0.5959807525535457,
        87.12214715745871
      ],
      [
        -0.5439497732425864,
        -0.4720889583267461,
        23.741053936939018
      ],
      [
        -0.7995895978710978,
        0.7629136809711555,
        294.83965381716274
      ]
    ]
  },
  "8": {
    "side": 2.07490159994063,
    "trees": [
      [
        0.040278140119938945,
        0.047897477669668766,
        156.36081117791886
      ],
      [
        0.4247447892708852,
        -0.4444319054343846,
        113.6020567661988
      ],
      [
        0.5239672621825187,
        0.15502620978239937,
        203.13540590415377
      ],
      [
        -0.44228755975359996,
        0.37808335066561904,
        272.6314103240557
      ],
      [
        0.6456872366406939,
        0.5959807525535457,
        87.12214715745871
      ],
      [
        -0.5439497732425864,
        -0.4720889583267461,
        23.741053936939018
      ],
      [
        -0.7276575707272798,
        0.7481673220221022,
        303.1340962584949
      ],
      [
        0.9150056780524702,
        0.9872360107570621,
        67.14078562633064
      ]
    ]
  },
  "9": {
    "side": 2.145144971027226,
    "trees": [
      [
        0.040278140119938945,
        0.047897477669668766,
        156.36081117791886
      ],
      [
        0.4247447892708852,
        -0.4444319054343846,
        113.6020567661988
      ],
      [
        0.5239672621825187,
        0.15502620978239937,
        203.13540590415377
      ],
      [
        -0.44228755975359996,
        0.37808335066561904,
        272.6314103240557
      ],
      [
        0.6456872366406939,
        0.5959807525535457,
        87.12214715745871
      ],
      [
        -0.5439497732425864,
        -0.4720889583267461,
        23.741053936939018
      ],
      [
        -0.6508319676615402,
        0.9113205192066924,
        284.40735249068143
      ],
      [
        0.9150056780524702,
        0.9872360107570621,
        67.14078562633064
      ],
      [
        0.9578835065587679,
        0.2646639163148607,
        336.60600079052483
      ]
    ]
  },
  "10": {
    "side": 2.252092195756193,
    "trees": [
      [
        0.040278140119938945,
        0.047897477669668766,
        156.36081117791886
      ],
      [
        0.4247447892708852,
        -0.4444319054343846,
        113.6020567661988
      ],
      [
        0.5239672621825187,
        0.15502620978239937,
        203.13540590415377
      ],
      [
        -0.44228755975359996,
        0.37808335066561904,
        272.6314103240557
      ],
      [
        0.6456872366406939,
        0.5959807525535457,
        87.12214715745871
      ],
      [
        -0.5439497732425864,
        -0.4720889583267461,
        23.741053936939018
      ],
      [
        -0.6508319676615402,
        0.9113205192066924,
        284.40735249068143
      ],
      [
        0.9150056780524702,
        0.9872360107570621,
        67.14078562633064
      ],
      [
        0.9578835065587679,
        0.2646639163148607,
        336.60600079052483
      ],
      [
        1.0309441348718642,
        -0.7396860566183585,
        357.8623314930964
      ]
    ]
  }
}