{
  "11": {
    "side": 2.452021406801498,
    "trees": [
      [
        0.040278140119938945,
        0.047897477669668766,
        156.36081117791886
      ],
      [
        0.4247447892708852,
        -0.4444319054343846,
        113.6020567661988
      ],
      [
        0.5239672621825187,
        0.15502620978239937,
        203.13540590415377
      ],
      [
        -0.44228755975359996,
        0.37808335066561904,
        272.6314103240557
      ],
      [
        0.6456872366406939,
        0.5959807525535457,
        87.12214715745871
      ],
      [
        -0.5439497732425864,
        -0.4720889583267461,
        23.741053936939018
      ],
      [
        -0.6508319676615402,
        0.9113205192066924,
        284.40735249068143
      ],
      [
        0.9223937542525139,
        0.9854621181701835,
        66.63066401974473
      ],
      [
        0.9578835065587679,
        0.2646639163148607,
        336.60600079052483
      ],
      [
        1.0309441348718642,
        -0.7396860566183585,
        357.8623314930964
      ],
      [
        -0.7542081911156808,
        -0.8240313884700994,
        246.32493189408464
      ]
    ]
  },
  "12": {
    "side": 2.5589442887745557,
    "trees": [
      [
        0.040278140119938945,
        0.047897477669668766,
        156.36081117791886
      ],
      [
        0.4247447892708852,
        -0.4444319054343846,
        113.6020567661988
      ],
      [
        0.5239672621825187,
        0.15502620978239937,
        203.13540590415377
      ],
      [
        -0.44228755975359996,
        0.37808335066561904,
        272.6314103240557
      ],
      [
        0.6456872366406939,
        0.5959807525535457,
        87.12214715745871
      ],
      [
        -0.5439497732425864,
        -0.4720889583267461,
        23.741053936939018
      ],
      [
        -0.6508319676615402,
        0.9113205192066924,
        284.40735249068143
      ],
      [
        0.9164170720468128,
        0.9852138945168737,
        66.39024243159746
      ],
      [
        0.9578835065587679,
        0.2646639163148607,
        336.60600079052483
      ],
      [
        1.0309441348718642,
        -0.7396860566183585,
        357.8623314930964
      ],
      [
        -0.7542081911156808,
        -0.8240313884700994,
        246.32493189408464
      ],
      [
        0.49460206682092045,
        -0.9314737072706555,
        246.74032923061597
      ]
    ]
  },
  "13": {
    "side": 2.5589442887745557,
    "trees": [
      [
        0.040278140119938945,
        0.047897477669668766,
        156.36081117791886
      ],
      [
        0.4247447892708852,
        -0.4444319054343846,
        113.6020567661988
      ],
      [
        0.5239672621825187,
        0.15502620978239937,
        203.13540590415377
      ],
      [
        -0.44228755975359996,
        0.37808335066561904,
        272.6314103240557
      ],
      [
        0.6456872366406939,
        0.5959807525535457,
        87.12214715745871
      ],
      [
        -0.5439497732425864,
        -0.4720889583267461,
        23.741053936939018
      ],
      [
        -0.6508319676615402,
        0.9113205192066924,
        284.40735249068143
      ],
      [
        0.9164170720468128,
        0.9852138945168737,
        66.39024243159746
      ],
      [
        0.9578835065587679,
        0.2646639163148607,
        336.60600079052483
      ],
      [
        1.0152399618356043,
        -0.7759163817307975,
        339.113011622309
      ],
      [
        -0.7542081911156808,
        -0.8240313884700994,
        246.32493189408464
      ],
      [
        0.49460206682092045,
        -0.9314737072706555,
        246.74032923061597
      ],
      [
        -0.8937744306722113,
        0.46728325309412455,
        23.612062810426277
      ]
    ]
  },
  "14": {
    "side": 2.743437985086052,
    "trees": [
      [
        0.040278140119938945,
        0.047897477669668766,
        156.36081117791886
      ],
      [
        0.4247447892708852,
        -0.4444319054343846,
        113.6020567661988
      ],
      [
        0.5239672621825187,
        0.15502620978239937,
        203.13540590415377
      ],
      [
        -0.44228755975359996,
        0.37808335066561904,
        272.6314103240557
      ],
      [
        0.6456872366406939,
        0.5959807525535457,
        87.12214715745871
      ],
      [
        -0.5439497732425864,
        -0.4720889583267461,
        23.741053936939018
      ],
      [
        -0.6508319676615402,
        0.9113205192066924,
        284.40735249068143
      ],
      [
        0.9164170720468128,
        0.9852138945168737,
        66.39024243159746
      ],
      [
        0.9578835065587679,
        0.2646639163148607,
        336.60600079052483
      ],
      [
        1.016921923091542,
        -0.7761635869420551,
        336.60175224507736
      ],
      [
        -0.7542081911156808,
        -0.8240313884700994,
        246.32493189408464
      ],
      [
        0.49460206682092045,
        -0.9314737072706555,
        246.74032923061597
      ],
      [
        -0.8937744306722113,
        0.46728325309412455,
        23.612062810426277
      ],
      [
        -1.0844364008603065,
        -0.4924276072983093,
        23.54500979179821
      ]
    ]
  },
  "15": {
    "side": 2.8172388873634198,
    "trees": [
      [
        0.040278140119938945,
        0.047897477669668766,
        156.36081117791886
      ],
      [
        0.4247447892708852,
        -0.4444319054343846,
        113.6020567661988
      ],
      [
        0.5239672621825187,
        0.15502620978239937,
        203.13540590415377
      ],
      [
        -0.44228755975359996,
        0.37808335066561904,
        272.6314103240557
      ],
      [
        0.6456872366406939,
        0.5959807525535457,
        87.12214715745871
      ],
      [
        -0.5439497732425864,
        -0.4720889583267461,
        23.741053936939018
      ],
      [
        -0.6508319676615402,
        0.9113205192066924,
        284.40735249068143
      ],
      [
        0.9164170720468128,
        0.9852138945168737,
        66.39024243159746
      ],
      [
        0.9578835065587679,
        0.2646639163148607,
        336.60600079052483
      ],
      [
        1.016921923091542,
        -0.7761635869420551,
        336.60175224507736
      ],
      [
        -0.7542081911156808,
        -0.8240313884700994,
        246.32493189408464
      ],
      [
        0.49460206682092045,
        -0.9314737072706555,
        246.74032923061597
      ],
      [
        -0.8937744306722113,
        0.46728325309412455,
        23.612062810426277
      ],
      [
        -1.0844364008603065,
        -0.4924276072983093,
        23.54500979179821
      ],
      [
        -1.2718211607379883,
        -1.0568036903210356,
        235.46856398282208
      ]
    ]
  }
}