{
  "8": {
    "side": 2.0353212178815667,
    "trees": [
      [
        -0.12129901209053297,
        -0.15722358057372268,
        135.0
      ],
      [
        -0.7327302875342623,
        -0.04603325340191807,
        137.9680693904411
      ],
      [
        0.20424418639234287,
        -0.6884638003707302,
        90.0
      ],
      [
        -0.8736614045788714,
        -0.9060378689039466,
        270.0
      ],
      [
        -0.011099277096572296,
        -1.2040753417437942,
        90.0
      ],
      [
        -1.0590708334710008,
        -1.4370290572336502,
        269.67681499243776
      ],
      [
        0.3678522115554359,
        -1.575773536857545,
        0.35201333135558305
      ],
      [
        0.513013107884451,
        -0.35181288137225597,
        43.48547450133201
      ]
    ]
  }
}