{
  "5": {
    "side": 1.5926513708942953,
    "trees": [
      [
        0.03851098136069724,
        0.044242234739553445,
        155.8187100253643
      ],
      [
        0.4601396543035939,
        -0.43649545524780003,
        113.4255601397032
      ],
      [
        0.5177291717442314,
        0.14945076449235478,
        209.77362439330687
      ],
      [
        -0.44364054375600864,
        0.3913741399345672,
        270.2022652290557
      ],
      [
        0.7338369853665693,
        0.5140996104844909,
        66.47259185228708
      ]
    ]
  },
  "6": {
    "side": 1.7084512438733814,
    "trees": [
      [
        0.03682829751944551,
        0.05435164555527887,
        158.26824606277773
      ],
      [
        0.4247447892708852,
        -0.4444319054343846,
        113.6020567661988
      ],
      [
        0.522238197665097,
        0.15950062563452688,
        204.1833697866489
      ],
      [
        -0.4475832980546595,
        0.3771492264867166,
        271.1771571751549
      ],
      [
        0.6448612147688458,
        0.5929199256798919,
        87.30704682334813
      ],
      [
        -0.5378284733022973,
        -0.4714574026630781,
        23.62819812110484
      ]
    ]
  },
  "7": {
    "side": 1.8940456353009694,
    "trees": [
      [
        -0.00223890243163274,
        -0.014084842388472596,
        0.0
      ],
      [
        -0.5247569495992389,
        -0.23657586268770928,
        0.0
      ],
      [
        -0.19167385303823806,
        -0.5989286944106547,
        315.0
      ],
      [
        -0.7170717270861119,
        0.6448343871608883,
        89.03223947110334
      ],
      [
        -1.1802711766894887,
        -0.2614813817546855,
        226.12068285008394
      ],
      [
        -0.8842787043900874,
        0.044754110274064736,
        45.27138409781567
      ],
      [
        -0.29162748777796016,
        0.8473673949427724,
        179.79877221987954
      ]
    ]
  },
  "8": {
    "side": 2.0377548927285254,
    "trees": [
      [
        -0.12325118358370311,
        -0.16453334267900288,
        133.95109324902842
      ],
      [
        -0.7312764824561993,
        -0.052901174506144816,
        137.47337784789656
      ],
      [
        0.20531411223286603,
        -0.6852097187087884,
        90.20678080659458
      ],
      [
        -0.8834926431891778,
        -0.8920337180812357,
        268.5903448577758
      ],
      [
        -0.009065999744388525,
        -1.1971206856519725,
        87.95795226129506
      ],
      [
        -1.0579432493546004,
        -1.4278940043048416,
        267.3954231449463
      ],
      [
        0.35822329954476817,
        -1.5942291011925203,
        357.7223521004054
      ],
      [
        0.5171968790487973,
        -0.33907425865432,
        44.756862681089125
      ]
    ]
  }
}