{
  "4": {
    "side": 1.3265505989721451,
    "trees": [
      [
        -1.9586735741458177,
        0.22747597777164977,
        65.60596632501898
      ],
      [
        -1.9569780908489867,
        0.8188476414432365,
        61.47745602604576
      ],
      [
        -2.7511301462051367,
        0.9759593993519102,
        156.45439784061122
      ],
      [
        -2.8014373994599553,
        0.20162631370063314,
        245.87953426028903
      ]
    ]
  }
}