{
  "4": {
    "side": 1.334641870646963,
    "trees": [
      [
        -1.3279404920029592,
        5.54418018765428,
        324.0811444473439
      ],
      [
        -1.839330617456354,
        5.867642837489518,
        293.63967175483606
      ],
      [
        -1.869699589509391,
        5.158477765386134,
        23.67133483982738
      ],
      [
        -1.1269619687864263,
        5.178184851813638,
        113.58336116006241
      ]
    ]
  }
}