{
  "4": {
    "side": 1.3867058528807412,
    "trees": [
      [
        -0.7023843149640027,
        -3.552733125276177,
        293.5107416634333
      ],
      [
        0.08220702727156899,
        -3.6329708762491215,
        194.06950611323677
      ],
      [
        -0.26139835027236985,
        -4.295894713420016,
        246.27750195865735
      ],
      [
        -0.49725477907345317,
        -3.9122428775052023,
        149.62687705763636
      ]
    ],
    "method": "multi-start SA"
  },
  "7": {
    "side": 1.898074039201176,
    "trees": [
      [
        0.040278140119938945,
        0.047897477669668766,
        156.36081117791886
      ],
      [
        0.4247447892708852,
        -0.4444319054343846,
        113.6020567661988
      ],
      [
        0.5239672621825187,
        0.15502620978239937,
        203.13540590415377
      ],
      [
        -0.44228755975359996,
        0.37808335066561904,
        272.6314103240557
      ],
      [
        0.6456872366406939,
        0.5959807525535457,
        87.12214715745871
      ],
      [
        -0.5439497732425864,
        -0.4720889583267461,
        23.741053936939018
      ],
      [
        -0.8260327890925157,
        0.7948461694386451,
        