{
  "experiment": "Cross-Validation Strategy Comparison",
  "dataset": "OpenML 37 (diabetes)",
  "n_samples": 768,
  "baseline_holdout": 0.665,
  "target": 0.745,
  "timestamp": "2026-01-08T16:22:32.141184",
  "model": "LogReg with Domain + Bins features",
  "experiments": [
    {
      "strategy": "5-fold CV",
      "type": "cv_only",
      "mean_f1": 0.6965261191435909,
      "std_f1": 0.012337995217814366,
      "n_folds": 5,
      "all_scores": [
        0.7154471544715447,
        0.6896551724137931,
        0.7008547008547008,
        0.6782608695652174,
        0.6984126984126984
      ],
      "min_score": 0.6782608695652174,
      "max_score": 0.7154471544715447
    },
    {
      "strategy": "10-fold CV",
      "type": "cv_only",
      "mean_f1": 0.6942732966663254,
      "std_f1": 0.05580142239177739,
      "n_folds": 10,
      "all_scores": [
        0.6984126984126984,
        0.7169811320754716,
        0.6551724137931034,
        0.7719298245614035,
        0.6333333333333333,
        0.7017543859649122,
        0.7368421052631579,
        0.6984126984126984,
        0.7536231884057971,
        0.576271186440678
      ],
      "min_score": 0.576271186440678,
      "max_score": 0.7719298245614035
    },
    {
      "strategy": "15-fold CV",
      "type": "cv_only",
      "mean_f1": 0.6952590223986105,
      "std_f1": 0.06706585138774238,
      "n_folds": 15,
      "all_scores": [
        0.7391304347826086,
        0.631578947368421,
        0.7222222222222222,
        0.717948717948718,
        0.5945945945945946,
        0.8,
        0.75,
        0.6190476190476191,
        0.7027027027027027,
        0.7222222222222222,
        0.75,
        0.6818181818181818,
        0.7391304347826086,
        0.717948717948718,
        0.5405405405405406
      ],
      "min_score": 0.5405405405405406,
      "max_score": 0.8
    },
    {
      "strategy": "20-fold CV",
      "type": "cv_only",
      "mean_f1": 0.6829182425170778,
      "std_f1": 0.09050329049596824,
      "n_folds": 20,
      "all_scores": [
        0.6857142857142857,
        0.6451612903225806,
        0.6428571428571429,
        0.8148148148148148,
        0.6896551724137931,
        0.4666666666666667,
        0.7142857142857143,
        0.896551724137931,
        0.7692307692307693,
        0.6,
        0.6428571428571429,
        0.6666666666666666,
        0.64,
        0.7407407407407407,
        0.7272727272727273,
        0.6428571428571429,
        0.7878787878787878,
        0.6470588235294118,
        0.6666666666666666,
        0.5714285714285714
      ],
      "min_score": 0.4666666666666667,
      "max_score": 0.896551724137931
    },
    {
      "strategy": "Repeated 5-fold CV (3x)",
      "type": "cv_only",
      "mean_f1": 0.6918204780763614,
      "std_f1": 0.031970475215448484,
      "n_folds": 15,
      "all_scores": [
        0.7154471544715447,
        0.6896551724137931,
        0.7008547008547008,
        0.6782608695652174,
        0.6984126984126984,
        0.6451612903225806,
        0.7068965517241379,
        0.7130434782608696,
        0.736,
        0.6885245901639344,
        0.7317073170731707,
        0.6153846153846154,
        0.7130434782608696,
        0.6949152542372882,
        0.65
      ],
      "min_score": 0.6153846153846154,
      "max_score": 0.736
    },
    {
      "strategy": "Repeated 5-fold CV (5x)",
      "type": "cv_only",
      "mean_f1": 0.6855969022382525,
      "std_f1": 0.03779908744894303,
      "n_folds": 25,
      "all_scores": [
        0.7154471544715447,
        0.6896551724137931,
        0.7008547008547008,
        0.6782608695652174,
        0.6984126984126984,
        0.6451612903225806,
        0.7068965517241379,
        0.7130434782608696,
        0.736,
        0.6885245901639344,
        0.7317073170731707,
        0.6153846153846154,
        0.7130434782608696,
        0.6949152542372882,
        0.65,
        0.6666666666666666,
        0.7258064516129032,
        0.6446280991735537,
        0.7008547008547008,
        0.5789473684210527,
        0.64,
        0.7017543859649122,
        0.7258064516129032,
        0.7058823529411765,
        0.6722689075630253
      ],
      "min_score": 0.5789473684210527,
      "max_score": 0.736
    },
    {
      "strategy": "Repeated 10-fold CV (3x)",
      "type": "cv_only",
      "mean_f1": 0.6891608827093523,
      "std_f1": 0.058781505211426714,
      "n_folds": 30,
      "all_scores": [
        0.6984126984126984,
        0.7169811320754716,
        0.6551724137931034,
        0.7719298245614035,
        0.6333333333333333,
        0.7017543859649122,
        0.7368421052631579,
        0.6984126984126984,
        0.7536231884057971,
        0.576271186440678,
        0.6774193548387096,
        0.6,
        0.7017543859649122,
        0.7586206896551724,
        0.6666666666666666,
        0.7796610169491526,
        0.7246376811594203,
        0.6779661016949152,
        0.6440677966101694,
        0.7272727272727273,
        0.7368421052631579,
        0.7419354838709677,
        0.6774193548387096,
        0.53125,
        0.7272727272727273,
        0.7241379310344828,
        0.6101694915254238,
        0.7333333333333333,
        0.6666666666666666,
        0.625
      ],
      "min_score": 0.53125,
      "max_score": 0.7796610169491526
    },
    {
      "strategy": "Leave-One-Out CV",
      "type": "cv_only",
      "mean_f1": 0.5380952380952381,
      "std_f1": null,
      "n_folds": 768,
      "all_scores": null,
      "min_score": 0.5380952380952381,
      "max_score": 0.5380952380952381,
      "note": "LOO computes F1 on aggregated predictions, not per-fold"
    },
    {
      "strategy": "8+2 (current)",
      "type": "cv_plus_holdout",
      "n_cv_folds": 8,
      "n_holdout_folds": 2,
      "cv_mean_f1": 0.7016048239770973,
      "cv_std_f1": 0.04071404763806029,
      "cv_scores": [
        0.6984126984126984,
        0.7169811320754716,
        0.6551724137931034,
        0.7719298245614035,
        0.6333333333333333,
        0.7017543859649122,
        0.7368421052631579,
        0.6984126984126984
      ],
      "holdout_mean_f1": 0.6649471874232376,
      "holdout_std_f1": 0.08867600098255957,
      "holdout_scores": [
        0.7536231884057971,
        0.576271186440678
      ],
      "cv_holdout_gap": 0.036657636553859785
    },
    {
      "strategy": "9+1",
      "type": "cv_plus_holdout",
      "n_cv_folds": 9,
      "n_holdout_folds": 1,
      "cv_mean_f1": 0.7073846422469529,
      "cv_std_f1": 0.04172172754671114,
      "cv_scores": [
        0.6984126984126984,
        0.7169811320754716,
        0.6551724137931034,
        0.7719298245614035,
        0.6333333333333333,
        0.7017543859649122,
        0.7368421052631579,
        0.6984126984126984,
        0.7536231884057971
      ],
      "holdout_mean_f1": 0.576271186440678,
      "holdout_std_f1": 0.0,
      "holdout_scores": [
        0.576271186440678
      ],
      "cv_holdout_gap": 0.13111345580627487
    },
    {
      "strategy": "7+3",
      "type": "cv_plus_holdout",
      "n_cv_folds": 7,
      "n_holdout_folds": 3,
      "cv_mean_f1": 0.7020608419148686,
      "cv_std_f1": 0.043506032534840276,
      "cv_scores": [
        0.6984126984126984,
        0.7169811320754716,
        0.6551724137931034,
        0.7719298245614035,
        0.6333333333333333,
        0.7017543859649122,
        0.7368421052631579
      ],
      "holdout_mean_f1": 0.6761023577530579,
      "holdout_std_f1": 0.07410239143923679,
      "holdout_scores": [
        0.6984126984126984,
        0.7536231884057971,
        0.576271186440678
      ],
      "cv_holdout_gap": 0.02595848416181068
    },
    {
      "strategy": "6+4",
      "type": "cv_plus_holdout",
      "n_cv_folds": 6,
      "n_holdout_folds": 4,
      "cv_mean_f1": 0.6962639646901537,
      "cv_std_f1": 0.04441858671585674,